{"cameraMode":{"drawMode":0,"name":"Shaded","section":"Shading Mode"},"sceneLighting":true,"audioPlay":false,"sceneViewState":{"showFog":true,"showMaterialUpdate":false,"showSkybox":true,"showFlares":true,"showImageEffects":true,"showParticleSystems":true},"in2DMode":false,"pivot":{"x":21.781217575073243,"y":56.581050872802737,"z":2.25},"rotation":{"x":-0.007499918807297945,"y":0.0014999526320025325,"z":-0.000011249897397647146,"w":-0.9999707937240601},"size":111.61510467529297,"orthographic":false}