{"cameraMode":{"drawMode":0,"name":"Shaded","section":"Shading Mode"},"sceneLighting":true,"audioPlay":false,"sceneViewState":{"showFog":true,"showMaterialUpdate":false,"showSkybox":true,"showFlares":true,"showImageEffects":true,"showParticleSystems":true},"in2DMode":false,"pivot":{"x":141.52725219726563,"y":22.40250015258789,"z":0.0},"rotation":{"x":-0.06738049536943436,"y":-0.04488205909729004,"z":0.003034279914572835,"w":-0.996716320514679},"size":362.76385498046877,"orthographic":true}